extraction_ID,Sample_Name,Collection_Date_local,Collection_Time_local,Cast_No.,Rosette_position,Station,Depth_m,Lat_dec,Lon_dec,temperature_ch1,temperature_ch2,salinity_ch1,salinity_ch2
e04258,E1877.SKQ23,9/14/2023,5:34,1,1,M8,67.6,62.19491667,-174.6735,-1.5216,-1.5218,31.837,31.8477
e04259,E1878.SKQ23,9/14/2023,5:44,1,12,M8,30.4,62.19491667,-174.6735,-1.2925,-1.2943,31.5575,31.5726
e04260,E1879.SKQ23,9/14/2023,5:51,1,18,M8,10.3,62.19491667,-174.6735,7.7534,7.7544,30.779,30.7869
e04103,E1880.SKQ23,9/14/2023,21:31,2,1,DBO1.1,74.2,62.01003333,-175.0599833,-0.7691,-0.7691,31.9484,31.9579
e04104,E1881.SKQ23,9/14/2023,21:39,2,10,DBO1.1,30.6,62.01003333,-175.0599833,-1.1017,-1.1008,31.473,31.4811
e04105,E1882.SKQ23,9/14/2023,21:46,2,16,DBO1.1,10.5,62.01003333,-175.0599833,7.4707,7.4717,30.6707,30.6785
e04106,E1883.SKQ23,9/14/2023,0:07,3,1,DBO1.2,75.6,62.0504,-175.21135,-0.9855,-0.9825,31.9119,31.9433
e04107,E1884.SKQ23,9/14/2023,0:18,3,12,DBO1.2,27.4,62.0504,-175.21135,-1.3386,-1.3384,31.3536,31.3816
e04108,E1885.SKQ23,9/14/2023,0:24,3,17,DBO1.2,10.2,62.0504,-175.21135,7.3349,7.3361,30.6496,30.6735
e04109,E1886.SKQ23,9/15/2023,14:19,5,1,DBO1.4,66,62.39,-174.57,-1.5235,-1.5231,31.899,31.9097
e04110,E1887.SKQ23,9/15/2023,14:30,5,12,DBO1.4,24.4,62.39,-174.57,2.226,2.1159,31.4902,31.5124
e04111,E1888.SKQ23,9/15/2023,14:37,5,21,DBO1.4,1.5,62.39,-174.57,7.8611,7.8686,30.9243,30.9882
e04112,E1889.SKQ23,9/15/2023,20:54,7,1,DBO1.6,61.2,62.56,-173.55,-1.5122,-1.5109,31.8883,31.8984
e04113,E1890.SKQ23,9/15/2023,21:01,7,10,DBO1.6,30.5,62.56,-173.55,-1.069,-1.0682,31.7531,31.7626
e04114,E1891.SKQ23,9/15/2023,21:08,7,18,DBO1.6,10.6,62.56,-173.55,7.4527,7.4555,31.1556,31.1635
e04115,E1892.SKQ23,9/16/2023,3:01,9,1,DBO1.8,66.6,63.03,-173.46,-1.3754,-1.3752,32.0936,32.1037
e04116,E1893.SKQ23,9/16/2023,3:09,9,10,DBO1.8,30.4,63.03,-173.46,-0.4536,-0.4519,31.9201,31.93
e04117,E1894.SKQ23,9/16/2023,3:15,9,17,DBO1.8,10.3,63.03,-173.46,7.3383,7.3387,31.3851,31.3922
e04118,E1895.SKQ23,9/16/2023,19:50,12,1,DBO2.09,41.4,64.67166667,-170.2623333,3.2241,3.2249,33.0136,33.0232
e04119,E1896.SKQ23,9/16/2023,19:53,12,8,DBO2.09,30.3,64.67166667,-170.2623333,3.2253,3.2259,33.0135,33.0228
e04120,E1897.SKQ23,9/16/2023,19:59,12,15,DBO2.09,10.3,64.67166667,-170.2623333,3.2295,3.2308,33.0135,33.0234
e04121,E1898.SKQ23,9/17/2023,0:38,14,1,DBO2.1,41,64.67,-169.92,2.8122,2.8129,33.0207,33.0306
e04122,E1899.SKQ23,9/17/2023,0:41,14,8,DBO2.1,30.7,64.67,-169.92,2.8591,2.8598,33.0248,33.0343
e04123,E1900.SKQ23,9/17/2023,0:49,14,13,DBO2.1,10.4,64.67,-169.92,2.2387,2.2416,32.561,32.5796
e04124,E1901.SKQ23,9/17/2023,5:47,16,1,DBO2.2,40,64.68,-169.1,2.9505,2.9513,32.8443,32.8539
e04125,E1902.SKQ23,9/17/2023,5:50,16,5,DBO2.2,30.4,64.68,-169.1,2.7194,2.7224,32.7163,32.727
e04126,E1903.SKQ23,9/17/2023,5:56,16,13,DBO2.2,10.8,64.68,-169.1,2.6188,2.6192,32.4494,32.4589
e04127,E1904.SKQ23,9/17/2023,11:01,18,1,DBO2.3,33,64.67,-168.235,5.5056,5.4935,31.8511,31.858
e04128,E1905.SKQ23,9/17/2023,11:06,18,12,DBO2.3,10.1,64.67,-168.235,6.0985,6.1001,31.8168,31.8261
e04129,E1906.SKQ23,9/17/2023,14:36,19,1,DBO2.7,40.6,65,-168.2220833,4.3167,4.3075,28.4681,30.9876
e04130,E1907.SKQ23,9/17/2023,14:39,19,7,DBO2.7,30.1,65,-168.2220833,5.6297,5.6237,27.4787,31.7685
e04131,E1908.SKQ23,9/17/2023,14:44,19,13,DBO2.7,10,65,-168.2220833,6.2487,6.2498,27.4666,31.0247
e04132,E1909.SKQ23,9/17/2023,19:00,21,1,DBO2.5,43.2,64.9745,-169.4873333,3.16,3.1354,32.8164,32.844
e04133,E1910.SKQ23,9/17/2023,19:04,21,8,DBO2.5,30.1,64.9745,-169.4873333,3.2231,3.2256,32.7602,32.7711
e04134,E1911.SKQ23,9/17/2023,19:09,21,18,DBO2.5,10.2,64.9745,-169.4873333,2.7998,2.8315,32.5835,32.5812
e04135,E1912.SKQ23,9/17/2023,23:10,23,1,DBO2.4,43.1,64.96166667,-169.886,2.219,2.2178,32.782,32.7931
e04136,E1913.SKQ23,9/17/2023,23:14,23,8,DBO2.4,30.8,64.96166667,-169.886,3.2504,3.2456,32.7842,32.7953
e04137,E1914.SKQ23,9/17/2023,23:20,23,15,DBO2.4,10.5,64.96166667,-169.886,1.2959,1.2965,32.1244,32.1356
e04138,E1915.SKQ23,9/20/2023,13:15,25,1,DBO5.1,41.2,71.24685,-157.1642333,2.5085,2.5089,31.6573,31.6683
e04139,E1916.SKQ23,9/20/2023,13:18,25,7,DBO5.1,30.3,71.24685,-157.1642333,3.7715,3.7726,31.1943,31.2151
e04140,E1917.SKQ23,9/20/2023,13:24,25,14,DBO5.1,10.1,71.24685,-157.1642333,4.0922,4.0934,30.6655,30.6762
e04141,E1918.SKQ23,9/20/2023,15:22,26,1,DBO5.2,51.4,71.28766667,-157.2458167,2.1639,2.1631,31.784,31.7956
e04142,E1919.SKQ23,9/20/2023,15:28,26,10,DBO5.2,30.3,71.28766667,-157.2458167,3.1681,3.1638,31.491,29.2329
e04143,E1920.SKQ23,9/20/2023,15:36,26,17,DBO5.2,9.8,71.28766667,-157.2458167,4.3315,4.3357,30.2808,27.0765
e04144,E1921.SKQ23,9/20/2023,17:18,27,1,DBO5.3,85.4,71.32995,-157.3316667,-1.1536,-1.1534,32.4284,32.4526
e04145,E1922.SKQ23,9/20/2023,17:29,27,12,DBO5.3,30.8,71.32995,-157.3316667,1.3486,1.1759,31.8908,31.9638
e04146,E1923.SKQ23,9/20/2023,17:33,27,18,DBO5.3,10.9,71.32995,-157.3316667,4.8421,4.8444,30.1104,30.1313
e04147,E1924.SKQ23,9/20/2023,19:25,28,1,DBO5.4,106.8,71.372,-157.4143333,-1.4898,-1.4883,32.5752,32.5851
e04148,E1925.SKQ23,9/20/2023,19:36,28,11,DBO5.4,30.1,71.372,-157.4143333,0.1703,0.1656,32.04,32.0538
e04149,E1926.SKQ23,9/20/2023,19:41,28,18,DBO5.4,9.7,71.372,-157.4143333,4.7983,4.8004,30.054,30.0621
e04150,E1927.SKQ23,9/20/2023,21:10,29,1,DBO5.5,119.9,71.40903333,-157.4943833,-1.6675,-1.666,32.7508,32.7609
e04151,E1928.SKQ23,9/20/2023,21:25,29,14,DBO5.5,30.6,71.40903333,-157.4943833,-1.3891,-1.387,32.373,32.3871
e04152,E1929.SKQ23,9/20/2023,21:30,29,18,DBO5.5,10.5,71.40903333,-157.4943833,4.6919,4.6938,30.2715,30.28
e04153,E1930.SKQ23,9/20/2023,23:36,30,1,DBO5.6,104.5,71.455,-157.583,-1.6919,-1.6906,32.9797,32.9902
e04154,E1931.SKQ23,9/20/2023,23:47,30,11,DBO5.6,30.4,71.455,-157.583,-1.515,-1.5163,32.3789,32.3891
e04155,E1932.SKQ23,9/20/2023,23:55,30,18,DBO5.6,10.6,71.455,-157.583,4.2398,4.2132,30.4494,30.4617
e04156,E1933.SKQ23,9/21/2023,1:59,31,1,DBO5.7,76.4,71.5,-157.672,-1.6458,-1.6444,32.896,32.9053
e04157,E1934.SKQ23,9/21/2023,2:10,31,11,DBO5.7,30.1,71.5,-157.672,-1.5244,-1.5196,32.5225,32.5331
e04158,E1935.SKQ23,9/21/2023,2:15,31,17,DBO5.7,9.9,71.5,-157.672,2.9668,2.9591,30.0098,30.0146
e04159,E1936.SKQ23,9/21/2023,4:47,32,1,DBO5.8,65.7,71.537,-157.753,-1.5558,-1.5543,32.9268,32.9354
e04160,E1937.SKQ23,9/21/2023,4:55,32,9,DBO5.8,30.7,71.537,-157.753,-1.4978,-1.4959,32.4336,32.4428
e04161,E1938.SKQ23,9/21/2023,5:01,32,15,DBO5.8,10.5,71.537,-157.753,-0.1057,-0.1051,31.655,31.6663
e04162,E1939.SKQ23,9/21/2023,6:32,33,1,DBO5.9,59.6,71.578,-157.838,-1.6334,-1.6318,32.8985,32.9085
e04163,E1940.SKQ23,9/21/2023,6:41,33,10,DBO5.9,29.5,71.578,-157.838,-1.4834,-1.4814,32.4053,32.415
e04164,E1941.SKQ23,9/21/2023,6:48,33,17,DBO5.9,11.1,71.578,-157.838,2.1883,2.2493,30.2448,30.1426
e04165,E1942.SKQ23,9/21/2023,8:42,34,1,DBO5.10,56.7,71.62,-157.925,-1.6783,-1.6754,32.9066,32.9156
e04166,E1943.SKQ23,9/21/2023,8:50,34,10,DBO5.10,30.2,71.62,-157.925,-1.4714,-1.47,32.4061,32.4172
e04167,E1944.SKQ23,9/21/2023,8:54,34,16,DBO5.10,10.5,71.62,-157.925,-0.1755,-0.2458,31.6095,31.6691
e04168,E1945.SKQ23,9/21/2023,18:09,35,1,BF2,79,71.75125,-154.46115,-0.9553,-0.9543,32.3306,32.3415
e04169,E1946.SKQ23,9/21/2023,18:17,35,5,BF2,30.5,71.75125,-154.46115,0.6813,0.6676,32.0042,32.018
e04170,E1947.SKQ23,9/21/2023,18:21,35,7,BF2,10.1,71.75125,-154.46115,4.0448,4.0351,28.5532,28.6527
e04171,E1948.SKQ23,9/22/2023,6:34,36,1,CK9,992.6,72.46666667,-156.55,0.2659,0.2682,34.858,34.868
e04172,E1949.SKQ23,9/22/2023,6:52,36,7,CK9,505.6,72.46666667,-156.55,0.8597,0.8606,34.8406,34.8507
e04173,E1950.SKQ23,9/22/2023,7:16,36,15,CK9,101.2,72.46666667,-156.55,-1.4973,-1.4926,32.6923,32.6993
e04174,E1951.SKQ23,9/22/2023,7:25,36,19,CK9,30.4,72.46666667,-156.55,-0.1627,-0.1573,31.3862,31.3953
e04175,E1952.SKQ23,9/22/2023,7:30,36,22,CK9,10.4,72.46666667,-156.55,3.4882,3.4887,27.5755,27.5851
e04176,E1953.SKQ23,9/22/2023,0:06,37,1,DBO4.1n,49.2,71.194,-160.27,-1.6762,-1.675,32.6582,32.6697
e04177,E1954.SKQ23,9/22/2023,0:11,37,8,DBO4.1n,30.2,71.194,-160.27,-1.6778,-1.6755,32.6568,32.668
e04178,E1955.SKQ23,9/22/2023,0:20,37,16,DBO4.1n,10.3,71.194,-160.27,0.5595,0.5247,30.6898,30.711
e04179,E1956.SKQ23,9/23/2023,3:59,39,1,DBO4.2n,43.3,71.32183333,-160.6515,-1.6672,-1.6649,32.6601,32.6708
e04180,E1957.SKQ23,9/23/2023,4:04,39,10,DBO4.2n,30.6,71.32183333,-160.6515,-1.6545,-1.653,32.616,32.6269
e04181,E1958.SKQ23,9/23/2023,4:11,39,18,DBO4.2n,10.4,71.32183333,-160.6515,2.4831,2.4849,27.5277,27.5368
e04182,E1959.SKQ23,9/23/2023,20:59,42,1,DBO4.3n,42.1,71.45425,-161.03895,-1.6105,-1.6116,32.6046,32.6164
e04183,E1960.SKQ23,9/23/2023,21:02,42,6,DBO4.3n,30.4,71.45425,-161.03895,-1.5996,-1.5992,32.5724,32.5836
e04184,E1961.SKQ23,9/23/2023,21:11,42,15,DBO4.3n,10.5,71.45425,-161.03895,2.1344,2.1385,27.2467,27.2544
e04185,E1962.SKQ23,9/24/2023,0:21,44,1,DBO4.4n,42.3,71.588,-161.402,-1.5458,-1.5459,32.5696,32.5809
e04186,E1963.SKQ23,9/24/2023,0:24,44,8,DBO4.4n,30.4,71.588,-161.402,-1.5331,-1.5329,32.5519,32.5626
e04187,E1964.SKQ23,9/24/2023,0:31,44,15,DBO4.4n,10.1,71.588,-161.402,2.0979,2.1016,27.2387,27.2491
e04188,E1965.SKQ23,9/24/2023,19:14,47,1,DBO4.5n,38.1,71.72,-161.774,-0.6684,-0.6629,32.6512,32.6569
e04189,E1966.SKQ23,9/24/2023,19:16,47,5,DBO4.5n,30.6,71.72,-161.774,-0.637,-0.6359,32.6469,32.658
e04190,E1967.SKQ23,9/24/2023,19:22,47,12,DBO4.5n,10.2,71.72,-161.774,2.3111,2.3126,28.0235,28.0347
e04191,E1968.SKQ23,9/24/2023,22:50,49,1,DBO4.6n,36.2,71.85005,-162.1568333,-0.6502,-0.6489,32.6461,32.6573
e04192,E1969.SKQ23,9/24/2023,22:52,49,5,DBO4.6n,30.7,71.85005,-162.1568333,-0.6909,-0.6904,32.6372,32.6486
e04193,E1970.SKQ23,9/24/2023,22:59,49,13,DBO4.6n,10.3,71.85005,-162.1568333,1.8111,1.813,28.4402,28.444
e04194,E1971.SKQ23,9/25/2023,8:06,50,1,IC11,34.2,70.57966667,-162.4907667,5.9774,5.9785,30.9883,30.9996
e04195,E1972.SKQ23,9/25/2023,8:11,50,10,IC11,10.3,70.57966667,-162.4907667,6.5739,6.5756,28.5659,28.5777
e04196,E1973.SKQ23,9/26/2023,11:09,51,1,IC10,37.2,70.7172,-162.8565,5.3525,5.3534,31.4655,31.4765
e04197,E1974.SKQ23,9/26/2023,11:17,51,14,IC10,10.4,70.7172,-162.8565,6.4743,6.4725,28.6433,28.6524
e04198,E1975.SKQ23,9/26/2023,15:42,53,1,IC09,39.2,70.849,-163.1872,4.4014,4.4014,31.7878,31.7985
e04199,E1976.SKQ23,9/26/2023,15:51,53,14,IC09,10.1,70.849,-163.1872,5.8418,5.8456,30.3253,30.3506
e04200,E1977.SKQ23,9/26/2023,18:33,54,1,IC08,40.2,70.9725,-163.5642,1.6897,1.6902,32.0905,32.1022
e04201,E1978.SKQ23,9/26/2023,18:35,54,6,IC08,30.5,70.9725,-163.5642,1.7438,1.7401,32.0852,32.0974
e04202,E1979.SKQ23,9/26/2023,18:42,54,13,IC08,10.5,70.9725,-163.5642,4.6704,4.6728,30.4675,30.4778
e04203,E1980.SKQ23,9/26/2023,20:02,55,1,IC07,38.2,71.0847,-163.8018,0.6689,0.6725,32.188,32.1988
e04204,E1981.SKQ23,9/26/2023,20:11,55,13,IC07,10.3,71.0847,-163.8018,3.7699,3.77,30.8767,30.8868
e04205,E1982.SKQ23,9/26/2023,22:49,56,1,IC06,39.1,71.195,-164.2018,-0.8807,-0.8798,32.3555,32.3676
e04206,E1983.SKQ23,9/26/2023,22:58,56,13,IC06,10.5,71.195,-164.2018,4.4121,4.4019,31.1235,31.1338
e04207,E1984.SKQ23,9/27/2023,0:35,57,1,IC05,39,71.3367,-164.6127,-1.2697,-1.2684,32.4554,32.4667
e04208,E1985.SKQ23,9/27/2023,0:43,57,13,IC05,10.3,71.3367,-164.6127,2.8669,2.8689,30.6361,30.6469
e04209,E1986.SKQ23,9/27/2023,3:45,58,1,IC04,37.1,71.4485,-164.919,-1.0908,-1.0879,32.4984,32.5098
e04210,E1987.SKQ23,9/27/2023,3:52,58,12,IC04,10.3,71.4485,-164.919,2.7898,2.7915,30.5598,30.5703
e04211,E1988.SKQ23,9/27/2023,14:18,61,1,IC03,37.2,71.60053333,-165.3038167,-1.0641,-1.0643,32.4848,32.4971
e04212,E1989.SKQ23,9/27/2023,14:28,60,13,IC03,10.2,71.60053333,-165.3038167,2.7292,2.7348,30.4845,30.4961
e04213,E1990.SKQ23,9/27/2023,17:32,62,1,IC02,36.2,71.7052,-165.6028,NA,NA,NA,NA
e04214,E1991.SKQ23,9/27/2023,17:41,62,14,IC02,10.2,71.7052,-165.6028,NA,NA,NA,NA
e04215,E1992.SKQ23,9/27/2023,22:24,63,1,IC01,39.2,71.8302,-165.9698,-0.737,-0.7336,32.4173,32.4262
e04216,E1993.SKQ23,9/27/2023,22:35,63,14,IC01,10.5,71.8302,-165.9698,2.8271,2.8279,30.2878,30.2957
e04217,E1994.SKQ23,9/29/2023,13:49,68,1,DBO3.8,45.4,67.67653333,-168.948,2.9161,2.9171,32.4227,32.4342
e04218,E1995.SKQ23,9/29/2023,13:55,68,8,DBO3.8,30.4,67.67653333,-168.948,2.4384,2.4394,30.0769,30.0886
e04219,E1996.SKQ23,9/29/2023,14:01,68,17,DBO3.8,10.1,67.67653333,-168.948,3.3613,3.3591,27.1807,27.1928
e04220,E1997.SKQ23,9/29/2023,17:31,69,1,DBO3.7,45.3,67.78333333,-168.596,3.2853,3.2866,32.533,32.5439
e04221,E1998.SKQ23,9/29/2023,17:35,69,8,DBO3.7,30.5,67.78333333,-168.596,5.5012,5.4571,30.8771,30.8721
e04222,E1999.SKQ23,9/29/2023,17:41,69,15,DBO3.7,10.2,67.78333333,-168.596,2.7961,2.8085,28.219,28.1991
e04223,E2000.SKQ23,9/29/2023,20:27,70,1,DBO3.6,53.5,67.8975,-168.234,2.9507,2.9514,32.4287,32.44
e04224,E2001.SKQ23,9/29/2023,20:33,70,10,DBO3.6,30.3,67.8975,-168.234,3.0242,3.0241,32.3564,32.2265
e04225,E2002.SKQ23,9/29/2023,20:37,70,18,DBO3.6,10.3,67.8975,-168.234,3.7349,3.7356,28.266,28.1411
e04226,E2003.SKQ23,10/1/2023,7:45,71,1,DBO3.4,44.1,67.1329,-167.4869667,3.5682,3.5695,32.0207,32.0321
e04227,E2004.SKQ23,10/1/2023,7:48,71,6,DBO3.4,30.2,67.1329,-167.4869667,3.6219,3.6223,32.014,32.0254
e04228,E2005.SKQ23,10/1/2023,7:53,71,14,DBO3.4,10.5,67.1329,-167.4869667,3.8921,4.0381,32.0011,31.9579
e04229,E2006.SKQ23,10/1/2023,10:55,72,1,DBO3.5,47.4,67.013,-167.875,3.0023,3.0035,32.2774,32.288
e04230,E2007.SKQ23,10/1/2023,11:00,72,9,DBO3.5,30.1,67.013,-167.875,2.8937,2.8944,32.1983,32.209
e04231,E2008.SKQ23,10/1/2023,11:04,72,15,DBO3.5,10.4,67.013,-167.875,4.8234,4.832,29.779,29.8519
e04232,E2009.SKQ23,10/1/2023,19:48,74,1,DBO3..3,42.1,68.18673333,-167.2949667,3.3252,3.3363,32.0532,32.0639
e04233,E2010.SKQ23,10/1/2023,19:51,74,6,DBO3..3,30.6,68.18673333,-167.2949667,4.7208,4.7265,31.8812,31.8941
e04234,E2011.SKQ23,10/1/2023,19:58,74,13,DBO3..3,10.3,68.18673333,-167.2949667,6.2002,6.1983,29.6246,29.6079
e04235,E2012.SKQ23,10/1/2023,21:47,75,1,DBO3..2,38.2,68.24683333,-167.122,4.4659,4.461,31.896,31.9082
e04236,E2013.SKQ23,10/1/2023,21:56,75,12,DBO3..2,10,68.24683333,-167.122,7.4919,7.4898,29.1797,29.1952
e04237,E2014.SKQ23,10/2/2023,0:23,76,1,DBO3.1,29.9,68.30416667,-166.924,4.8378,4.839,31.8195,31.8304
e04238,E2015.SKQ23,10/2/2023,0:29,76,8,DBO3.1,10.4,68.30416667,-166.924,6.7612,6.7694,26.0547,26.1113
e04239,E2016.SKQ23,10/2/2023,20:44,77,1,BS8,43.3,65.78238333,-168.8396833,3.0691,3.07,32.9106,32.922
e04240,E2017.SKQ23,10/2/2023,20:47,77,7,BS8,30.7,65.78238333,-168.8396833,3.0606,3.0615,32.9077,32.919
e04241,E2018.SKQ23,10/2/2023,20:54,77,14,BS8,10.1,65.78238333,-168.8396833,3.7,3.6991,32.2129,32.2245
e04242,E2019.SKQ23,10/2/2023,23:12,79,1,BS6,46.3,65.7375,-168.65,2.857,2.8581,32.5888,32.8139
e04243,E2020.SKQ23,10/2/2023,23:15,79,7,BS6,30.3,65.7375,-168.65,2.8254,2.8268,32.5676,32.7151
e04244,E2021.SKQ23,10/2/2023,23:20,79,13,BS6,10.3,65.7375,-168.65,5.7088,5.7069,31.0472,31.2023
e04245,E2022.SKQ23,10/3/2023,1:55,82,1,BS3,47.8,65.66991667,-168.3679,3.0235,3.0246,32.8615,32.872
e04246,E2023.SKQ23,10/3/2023,1:59,82,9,BS3,30.4,65.66991667,-168.3679,3.0125,3.0136,32.8542,32.8645
e04247,E2024.SKQ23,10/3/2023,2:03,82,15,BS3,10.6,65.66991667,-168.3679,6.1553,6.1407,28.4055,28.3444
e04248,E2025.SKQ23,10/3/2023,4:02,84,1,BS1,23.8,65.61833333,-168.1528333,3.5501,3.549,32.4632,32.4737
e04249,E2026.SKQ23,10/3/2023,4:06,84,9,BS1,10.6,65.61833333,-168.1528333,5.2564,5.249,31.8791,31.8886
e04251,E2028.NC.SKQ23,10/2/2023,NA,NA,NA,NA,NA,NA,NA,NA,NA,NA,NA
e04252,E2029.NC.SKQ23,9/21/2023,NA,NA,NA,NA,NA,NA,NA,NA,NA,NA,NA
e04253,E2030.NC.SKQ23,9/14/2023,NA,NA,NA,NA,NA,NA,NA,NA,NA,NA,NA
E1053.SKQ2021,E1053.SKQ2021,11/8/2021,13:04,1,4,DBO3.8,46.131,67.67666667,-168.9496667,0.3058,0.3039,32.96,32.9551
E1054.SKQ2021,E1054.SKQ2021,11/8/2021,13:04,1,10,DBO3.8,30.529,67.67666667,-168.9496667,0.5968,0.5956,32.8781,32.8753
E1055.SKQ2021,E1055.SKQ2021,11/8/2021,13:04,1,16,DBO3.8,10.304,67.67666667,-168.9496667,-0.34,-0.3425,30.6089,30.6045
E1056.SKQ2021,E1056.SKQ2021,11/9/2021,17:39,2,3,DBO4.1,49.348,71.1935,-160.2648333,-1.1147,-1.1261,32.46,32.4604
E1057.SKQ2021,E1057.SKQ2021,11/9/2021,17:39,2,8,DBO4.1,30.177,71.1935,-160.2648333,0.2772,0.2745,30.7279,30.7226
E1058.SKQ2021,E1058.SKQ2021,11/9/2021,17:39,2,14,DBO4.1,9.922,71.1935,-160.2648333,0.2692,0.2665,30.7272,30.7227
E1059.SKQ2021,E1059.SKQ2021,11/9/2021,19:55,3,2,DBO4.2,43.305,71.32183333,-160.6568333,-0.985,-0.9894,32.4094,32.4049
E1060.SKQ2021,E1060.SKQ2021,11/9/2021,19:55,3,6,DBO4.2,30.387,71.32183333,-160.6568333,-4.00E-04,-0.006,31.9058,31.9097
E1061.SKQ2021,E1061.SKQ2021,11/9/2021,19:55,3,11,DBO4.2,10.251,71.32183333,-160.6568333,0.043,0.0427,30.664,30.6593
E1062.SKQ2021,E1062.SKQ2021,11/9/2021,22:19,4,2,DBO4.3,43.344,71.45433333,-161.0393333,-0.2657,-0.2677,32.1225,32.1166
E1063.SKQ2021,E1063.SKQ2021,11/9/2021,22:19,4,5,DBO4.3,30.407,71.45433333,-161.0393333,-0.2475,-0.2486,32.1213,32.1167
E1064.SKQ2021,E1064.SKQ2021,11/9/2021,22:19,4,11,DBO4.3,10.307,71.45433333,-161.0393333,-1.4981,-1.5196,30.7504,30.7382
E1065.SKQ2021,E1065.SKQ2021,11/10/2021,1:26,5,3,DBO4.4,43.311,71.589,-161.4065,-1.5283,-1.5293,32.7823,32.7781
E1066.SKQ2021,E1066.SKQ2021,11/10/2021,1:26,5,5,DBO4.4,30.379,71.589,-161.4065,-1.3818,-1.3815,32.6031,32.5983
E1067.SKQ2021,E1067.SKQ2021,11/10/2021,1:26,5,11,DBO4.4,10.315,71.589,-161.4065,-1.667,-1.6681,30.6967,30.6906
E1068.SKQ2021,E1068.SKQ2021,11/10/2021,3:18,6,2,CEO,42.303,71.59116667,-161.523,-1.5172,-1.5181,32.7704,32.7643
E1069.SKQ2021,E1069.SKQ2021,11/10/2021,3:18,6,8,CEO,30.186,71.59116667,-161.523,-1.3787,-1.3793,32.5841,32.5797
E1070.SKQ2021,E1070.SKQ2021,11/10/2021,3:18,6,14,CEO,10.203,71.59116667,-161.523,-1.6639,-1.6649,30.615,30.6103
E1071.SKQ2021,E1071.SKQ2021,11/10/2021,5:34,7,2,DBO4.5,39.34,71.71916667,-161.7743333,-1.6106,-1.6116,32.8329,32.8259
E1072.SKQ2021,E1072.SKQ2021,11/10/2021,5:34,7,5,DBO4.5,30.031,71.71916667,-161.7743333,-1.6117,-1.6128,32.8233,32.8179
E1073.SKQ2021,E1073.SKQ2021,11/10/2021,5:34,7,11,DBO4.5,9.983,71.71916667,-161.7743333,-1.6638,-1.6647,30.3778,30.3724
E1074.SKQ2021,E1074.SKQ2021,11/10/2021,9:39,8,2,DBO4.6,37.154,71.85066667,-162.1698333,-1.5963,-1.5971,32.781,32.7751
E1075.SKQ2021,E1075.SKQ2021,11/10/2021,9:39,8,5,DBO4.6,30.592,71.85066667,-162.1698333,-1.5504,-1.5512,32.4955,32.4906
E1076.SKQ2021,E1076.SKQ2021,11/10/2021,9:39,8,11,DBO4.6,10.411,71.85066667,-162.1698333,-1.6738,-1.6747,30.5039,30.4981
E1077.SKQ2021,E1077.SKQ2021,11/10/2021,20:10,9,2,C2,40.265,71.21833333,-164.2428333,0.2211,0.2159,31.6242,31.6138
E1078.SKQ2021,E1078.SKQ2021,11/10/2021,20:10,9,5,C2,30.339,71.21833333,-164.2428333,-0.2795,-0.2798,31.2196,31.2154
E1079.SKQ2021,E1079.SKQ2021,11/10/2021,20:10,9,11,C2,10.227,71.21833333,-164.2428333,-0.4661,-0.4665,31.1133,31.1091
E1080.SKQ2021,E1080.SKQ2021,11/11/2021,16:21,10,2,DBO3.1,30.03,68.304,-166.9288333,-0.5221,-0.5222,30.8719,30.8662
E1081.SKQ2021,E1081.SKQ2021,11/11/2021,16:21,10,6,DBO3.1,10.204,68.304,-166.9288333,-1.575,-1.5887,29.7578,29.743
E1082.SKQ2021,E1082.SKQ2021,11/11/2021,18:15,11,2,DBO3.2,38.407,68.24933333,-167.1233333,0.7942,0.7933,31.6493,31.6409
E1083.SKQ2021,E1083.SKQ2021,11/11/2021,18:15,11,5,DBO3.2,30.655,68.24933333,-167.1233333,0.7978,0.7971,31.6457,31.6389
E1084.SKQ2021,E1084.SKQ2021,11/11/2021,18:15,11,11,DBO3.2,9.924,68.24933333,-167.1233333,-1.6278,-1.6288,29.6759,29.6651
E1085.SKQ2021,E1085.SKQ2021,11/11/2021,20:26,13,4,DBO3.3,43.143,68.1905,-167.2913333,0.8264,0.8245,31.82,31.8181
E1086.SKQ2021,E1086.SKQ2021,11/11/2021,20:26,13,8,DBO3.3,30.067,68.1905,-167.2913333,0.8458,0.8453,31.8092,31.8061
E1087.SKQ2021,E1087.SKQ2021,11/11/2021,20:26,13,16,DBO3.3,9.651,68.1905,-167.2913333,-1.6097,-1.6105,29.7753,29.7697
E1088.SKQ2021,E1088.SKQ2021,#VALUE!,#VALUE!,14,4,DBO3.4,45.233,68.1325,-167.4878333,1.1886,1.1873,31.9174,31.9112
E1089.SKQ2021,E1089.SKQ2021,#VALUE!,#VALUE!,14,12,DBO3.4,30.405,68.1325,-167.4878333,1.1914,1.1901,31.9147,31.9097
E1090.SKQ2021,E1090.SKQ2021,#VALUE!,#VALUE!,14,20,DBO3.4,9.936,68.1325,-167.4878333,-1.5721,-1.581,29.7175,29.7089
E1091.SKQ2021,E1091.SKQ2021,11/12/2021,0:37,15,4,DBO3.5,48.429,68.01316667,-167.8793333,-0.9169,-0.9181,32.9919,32.988
E1092.SKQ2021,E1092.SKQ2021,11/12/2021,0:37,15,12,DBO3.5,30.584,68.01316667,-167.8793333,-0.8393,-0.8479,32.9813,32.9774
E1093.SKQ2021,E1093.SKQ2021,11/12/2021,0:37,15,20,DBO3.5,10.211,68.01316667,-167.8793333,-1.6523,-1.6541,30.6313,30.6248
E1094.SKQ2021,E1094.SKQ2021,11/12/2021,3:56,16,4,DBO3.6,52.693,67.90133333,-168.2363333,0.2608,0.2597,32.9598,32.9519
E1095.SKQ2021,E1095.SKQ2021,11/12/2021,3:56,16,12,DBO3.6,30.267,67.90133333,-168.2363333,0.723,0.7247,32.8549,32.8505
E1096.SKQ2021,E1096.SKQ2021,11/12/2021,3:56,16,20,DBO3.6,10.297,67.90133333,-168.2363333,-1.5132,-1.5127,30.5944,30.5883
E1097.SKQ2021,E1097.SKQ2021,11/12/2021,6:39,17,4,DBO3.7,45.086,67.783,-168.5951667,-0.5604,-0.5615,33.1592,33.1541
E1098.SKQ2021,E1098.SKQ2021,11/12/2021,6:39,17,12,DBO3.7,30.395,67.783,-168.5951667,0.8178,0.8232,32.8894,32.8862
E1099.SKQ2021,E1099.SKQ2021,11/12/2021,6:39,17,20,DBO3.7,10.216,67.783,-168.5951667,-1.2567,-1.2577,30.697,30.6912
E1100.SKQ2021,E1100.SKQ2021,11/14/2021,0:51,18,2,M8,68.443,62.20133333,-174.68,1.7712,1.7707,32.5031,32.4988
E1101.SKQ2021,E1101.SKQ2021,11/14/2021,0:51,18,11,M8,30.806,62.20133333,-174.68,1.7756,1.7844,32.4839,32.4807
E1102.SKQ2021,E1102.SKQ2021,11/14/2021,0:51,18,17,M8,10.142,62.20133333,-174.68,1.4375,1.4362,32.4203,32.4168
E1103.SKQ2021,E1103.SKQ2021,11/14/2021,3:06,19,3,DBO1.1,73.516,62.0115,-175.0601667,2.031,2.0295,32.6984,32.6952
E1104.SKQ2021,E1104.SKQ2021,11/14/2021,3:06,19,12,DBO1.1,30.066,62.0115,-175.0601667,2.0633,2.0595,32.6643,32.66
E1105.SKQ2021,E1105.SKQ2021,11/14/2021,3:06,19,18,DBO1.1,9.516,62.0115,-175.0601667,2.0344,2.0333,32.6553,32.6522
E1106.SKQ2021,E1106.SKQ2021,11/14/2021,5:06,20,3,DBO1.2,75.439,62.04883333,-175.209,1.9396,1.9381,32.7244,32.719
E1107.SKQ2021,E1107.SKQ2021,11/14/2021,5:06,20,12,DBO1.2,30.462,62.04883333,-175.209,1.9826,1.9805,32.7125,32.7091
E1108.SKQ2021,E1108.SKQ2021,11/14/2021,5:06,20,18,DBO1.2,9.925,62.04883333,-175.209,1.9962,1.9952,32.7087,32.7057
E1109.SKQ2021,E1109.SKQ2021,11/14/2021,8:01,21,3,DBO1.3,70.053,62.22016667,-174.878,1.9721,1.9709,32.6526,32.6491
E1110.SKQ2021,E1110.SKQ2021,11/14/2021,8:01,21,12,DBO1.3,30.528,62.22016667,-174.878,1.7651,1.764,32.5588,32.5558
E1111.SKQ2021,E1111.SKQ2021,11/14/2021,8:01,21,18,DBO1.3,10.258,62.22016667,-174.878,1.7116,1.7094,32.5381,32.5347
E1112.SKQ2021,E1112.SKQ2021,11/14/2021,9:58,22,3,DBO1.4,65.783,62.39033333,-174.5716667,1.3724,1.3711,32.6708,32.6677
E1113.SKQ2021,E1113.SKQ2021,11/14/2021,9:58,22,12,DBO1.4,30.456,62.39033333,-174.5716667,0.8372,0.8351,32.2788,32.1267
E1114.SKQ2021,E1114.SKQ2021,11/14/2021,9:58,22,18,DBO1.4,10.146,62.39033333,-174.5716667,0.8128,0.8145,32.2735,32.1256
E1115.SKQ2021,E1115.SKQ2021,11/14/2021,13:19,23,3,DBO1.5,62.576,62.46833333,-174.0848333,0.8258,0.8245,32.5893,32.5853
E1116.SKQ2021,E1116.SKQ2021,11/14/2021,13:19,23,12,DBO1.5,29.347,62.46833333,-174.0848333,0.9204,0.9174,32.0059,32.1511
E1117.SKQ2021,E1117.SKQ2021,11/14/2021,13:19,23,18,DBO1.5,9.903,62.46833333,-174.0848333,0.9095,0.9091,31.8985,32.1447
E1118.SKQ2021,E1118.SKQ2021,11/14/2021,15:00,24,3,DBO1.6,60.405,62.56066667,-173.5501667,0.2321,0.2305,32.3856,32.3811
E1119.SKQ2021,E1119.SKQ2021,11/14/2021,15:00,24,12,DBO1.6,30.635,62.56066667,-173.5501667,0.7794,0.778,31.9637,31.9604
E1120.SKQ2021,E1120.SKQ2021,11/14/2021,15:00,24,18,DBO1.6,10.658,62.56066667,-173.5501667,0.6453,0.6439,31.8792,31.8755
E1121.SKQ2021,E1121.SKQ2021,11/14/2021,18:51,25,3,DBO1.7,65.577,62.7875,-173.5005,-0.1853,-0.1861,32.2983,32.2937
E1122.SKQ2021,E1122.SKQ2021,11/14/2021,18:51,25,12,DBO1.7,30.73,62.7875,-173.5005,0.3477,0.3466,31.7393,31.7358
E1123.SKQ2021,E1123.SKQ2021,11/14/2021,18:51,25,18,DBO1.7,10.64,62.7875,-173.5005,0.3166,0.3161,31.7336,31.73
E1124.SKQ2021,E1124.SKQ2021,11/14/2021,20:50,26,3,DBO1.8,64.517,63.03016667,-173.4611667,0.0124,0.0112,32.5501,32.5462
E1125.SKQ2021,E1125.SKQ2021,11/14/2021,20:50,26,12,DBO1.8,30.277,63.03016667,-173.4611667,0.4946,0.4922,31.702,31.6981
E1126.SKQ2021,E1126.SKQ2021,11/14/2021,20:50,26,18,DBO1.8,10.547,63.03016667,-173.4611667,0.472,0.47,31.6958,31.6922
E1127.SKQ2021,E1127.SKQ2021,11/15/2021,0:34,27,3,DBO1.9,59.981,63.27966667,-173.281,0.487,0.4858,32.6294,32.6256
E1128.SKQ2021,E1128.SKQ2021,11/15/2021,0:34,27,12,DBO1.9,31.139,63.27966667,-173.281,0.5573,0.5467,31.7153,31.709
E1129.SKQ2021,E1129.SKQ2021,11/15/2021,0:34,27,18,DBO1.9,10.526,63.27966667,-173.281,0.5134,0.5118,31.705,31.7011
E1130.SKQ2021,E1130.SKQ2021,11/15/2021,3:54,28,3,DBO1.10,45.053,63.60466667,-172.593,0.7493,0.7481,32.7157,32.7113
E1131.SKQ2021,E1131.SKQ2021,11/15/2021,3:54,28,9,DBO1.10,30.148,63.60466667,-172.593,0.684,0.6838,32.0244,32.0212
E1132.SKQ2021,E1132.SKQ2021,11/15/2021,3:54,28,15,DBO1.10,10.279,63.60466667,-172.593,0.6483,0.6458,31.8573,31.8551
E1133.SKQ2021,E1133.SKQ2021,11/15/2021,12:20,29,3,DBO2.1,42.7,64.67016667,-169.9203333,0.1656,0.1641,32.1774,32.1703
E1134.SKQ2021,E1134.SKQ2021,11/15/2021,12:20,29,6,DBO2.1,30.201,64.67016667,-169.9203333,0.1657,0.1643,32.1747,32.1693
E1135.SKQ2021,E1135.SKQ2021,11/15/2021,12:20,29,12,DBO2.1,10.459,64.67016667,-169.9203333,-0.4152,-0.414,32.0262,32.0219
E1136.SKQ2021,E1136.SKQ2021,11/15/2021,15:44,30,3,DBO2.2,40.943,64.68033333,-169.1006667,-0.736,-0.7367,32.1936,32.1859
E1137.SKQ2021,E1137.SKQ2021,11/15/2021,15:44,30,6,DBO2.2,30.198,64.68033333,-169.1006667,-0.9638,-0.9647,32.1278,32.1219
E1138.SKQ2021,E1138.SKQ2021,11/15/2021,15:44,30,12,DBO2.2,10.022,64.68033333,-169.1006667,-0.9565,-0.9574,32.1302,32.1257
E1139.SKQ2021,E1139.SKQ2021,11/15/2021,22:03,32,3,DBO2.5,44.387,64.98983333,-169.1401667,-0.4231,-0.4245,32.1385,32.1288
E1140.SKQ2021,E1140.SKQ2021,11/15/2021,22:03,32,6,DBO2.5,30.409,64.98983333,-169.1401667,-0.4577,-0.4554,32.1072,32.1014
E1141.SKQ2021,E1141.SKQ2021,11/15/2021,22:03,32,12,DBO2.5,10.457,64.98983333,-169.1401667,-1.0062,-1.0068,31.9925,31.987
E1142.SKQ2021,E1142.SKQ2021,11/16/2021,1:31,33,3,DBO2.4,44.181,64.9585,-169.88,-0.6798,-0.681,31.8136,31.8071
E1143.SKQ2021,E1143.SKQ2021,11/16/2021,1:31,33,6,DBO2.4,30.422,64.9585,-169.88,-0.6973,-0.698,31.7915,31.7868
E1144.SKQ2021,E1144.SKQ2021,11/16/2021,1:31,33,12,DBO2.4,10.269,64.9585,-169.88,-0.7583,-0.7604,31.7609,31.7563
E1145.SKQ2021,E1145.SKQ2021,11/16/2021,7:31,34,3,DBO2.3,33.741,64.66983333,-168.2358333,0.2905,0.2891,32.0655,32.0595
E1146.SKQ2021,E1146.SKQ2021,11/16/2021,7:31,34,9,DBO2.3,10.198,64.66983333,-168.2358333,0.2878,0.2871,32.0632,32.0586
,,,,,,,,,,,,,
